Aparentemente um placeholder	\\ungusb-vap11\DTS12\CUSTOMIZADOS\Fontes\ccp\escc0011.w
Aparentemente um placeholder	\\ungusb-vap11\DTS12\CUSTOMIZADOS\Fontes\ccp\escc0011rp.p
Aparentemente um placeholder	\\ungusb-vap11\DTS12\CUSTOMIZADOS\Fontes\ccp\escc0014.w
Aparentemente um placeholder	\\ungusb-vap11\DTS12\CUSTOMIZADOS\Fontes\ccp\escc0014rp.p
Aparentemente um placeholder	\\ungusb-vap11\DTS12\CUSTOMIZADOS\Fontes\ccp\escc0026.w
Aparentemente um placeholder	\\ungusb-vap11\DTS12\CUSTOMIZADOS\Fontes\ccp\escc0026rp.p
Aparentemente um placeholder	\\ungusb-vap11\DTS12\CUSTOMIZADOS\Fontes\ccp\escc0027.w
Aparentemente um placeholder	\\ungusb-vap11\DTS12\CUSTOMIZADOS\Fontes\ccp\escc0027rp.p
 	\\ungusb-vap11\DTS12\CUSTOMIZADOS\Fontes\cdp\escd0005rp.p
Aparentemente um placeholder	\\ungusb-vap11\DTS12\CUSTOMIZADOS\Fontes\cdp\escd0010.w
Aparentemente um placeholder	\\ungusb-vap11\DTS12\CUSTOMIZADOS\Fontes\cep\esce0009.w
Aparentemente um placeholder	\\ungusb-vap11\DTS12\CUSTOMIZADOS\Fontes\cep\esce0009rp.p
Aparentemente um placeholder	\\ungusb-vap11\DTS12\CUSTOMIZADOS\Fontes\cep\esce0010.w
Aparentemente um placeholder	\\ungusb-vap11\DTS12\CUSTOMIZADOS\Fontes\cep\esce0010rp.p
Aparentemente um placeholder	\\ungusb-vap11\DTS12\CUSTOMIZADOS\Fontes\cep\esce0011rp.p
Aparentemente um placeholder	\\ungusb-vap11\DTS12\CUSTOMIZADOS\Fontes\cep\esce0011rp.p
Aparentemente um placeholder	\\ungusb-vap11\DTS12\CUSTOMIZADOS\Fontes\cep\esce0013.w
Aparentemente um placeholder	\\ungusb-vap11\DTS12\CUSTOMIZADOS\Fontes\cep\esce0013rp.p
Aparentemente um placeholder	\\ungusb-vap11\DTS12\CUSTOMIZADOS\Fontes\cep\esce0014.w
Aparentemente um placeholder	\\ungusb-vap11\DTS12\CUSTOMIZADOS\Fontes\cep\esce0015.w
Aparentemente um placeholder	\\ungusb-vap11\DTS12\CUSTOMIZADOS\Fontes\cep\esce0016.w
Aparentemente um placeholder	\\ungusb-vap11\DTS12\CUSTOMIZADOS\Fontes\cep\esce0016rp.p
Aparentemente um placeholder	\\ungusb-vap11\DTS12\CUSTOMIZADOS\Fontes\cep\esce0023.w
Aparentemente um placeholder	\\ungusb-vap11\DTS12\CUSTOMIZADOS\Fontes\cep\esce0023rp.p
Aparentemente um placeholder	\\ungusb-vap11\DTS12\CUSTOMIZADOS\Fontes\cep\esce0025.w
Aparentemente um placeholder	\\ungusb-vap11\DTS12\CUSTOMIZADOS\Fontes\cep\esce0040.w
Aparentemente um placeholder	\\ungusb-vap11\DTS12\CUSTOMIZADOS\Fontes\cep\esce0105rp.p
Aparentemente um placeholder	\\ungusb-vap11\DTS12\CUSTOMIZADOS\Fontes\cep\esce0105rp.p
Aparentemente um placeholder	\\ungusb-vap11\DTS12\CUSTOMIZADOS\Fontes\cnp\escn0003.w
Aparentemente um placeholder	\\ungusb-vap11\DTS12\CUSTOMIZADOS\Fontes\cnp\escn0003rp.p
Aparentemente um placeholder	\\ungusb-vap11\DTS12\CUSTOMIZADOS\Fontes\cpp\escp0007.w
Aparentemente um placeholder	\\ungusb-vap11\DTS12\CUSTOMIZADOS\Fontes\cpp\escp0036-b01.w
Aparentemente um placeholder	\\ungusb-vap11\DTS12\CUSTOMIZADOS\Fontes\cpp\escp0039.w
Aparentemente um placeholder	\\ungusb-vap11\DTS12\CUSTOMIZADOS\Fontes\cpp\escp0039rp.p
